<?xml version="1.0" encoding="UTF-8"?>
<Configuration>
	<Properties>
		<Property name="basePath">./logs</Property>
	</Properties>
	<Appenders>
		<RollingFile name="File" fileName="${basePath}/app.log"
			filePattern="${basePath}/app-%d{yyyy-MM-dd}.log">
			<PatternLayout
				pattern="%d{HH:mm:ss.SSS} %-5level %c{2} -%msg%n" />
			<Policies>
				<TimeBasedTriggeringPolicy interval="1"
					modulate="true" />
				<SizeBasedTriggeringPolicy size="100 KB" />
			</Policies>
		</RollingFile>
		<Console name="Console">
			<PatternLayout
				pattern="%d{HH:mm:ss.SSS} %-5level %c{1} -%msg%n" />
		</Console>
	</Appenders>
	<Loggers>
		<Root level="trace">
			<AppenderRef ref="File" />
		</Root>
		<Logger name="com.guru99.qa.testcases" level="error" additivity="false">
			<AppenderRef ref="File" />
		</Logger>
		<Logger name="LoginPage" level="trace" additivity="false">
			<AppenderRef ref="File" />
		</Logger>
	</Loggers>
</Configuration>